"File","Title","Description","DescLen","Category","Draft","Chars","H2","H3","HasFAQ","HasIntro","HasSummary","InternalLinks","Risky"
"2026-05-09-ise-jingu-power-spot.md","伊勢神宮の参拝ガイド｜日本の総氏神を訪ねる、パワースポット完全攻略","「日本の総氏神」と称される伊勢神宮の歴史・ご利益・正式な参拝順序（外宮→内宮）・周辺パワースポット・モデルコース・参拝マナー・おすすめのパワーストーンまでを総合的に解説。初めての方にも分かりやすい保存版です。","104","powerspots","false","3471","14","6","True","True","True","5",""
"2026-05-09-money-luck-wallet.md","金運が上がる財布の選び方｜色・素材・買い替え時期まで完全ガイド","金運アップを願う人のための財布の選び方を、色・素材・形・買い替えのタイミングまで具体的に解説します。","50","lucky-goods","false","1528","8","11","False","True","True","0",""
"2026-05-09-morning-routine-lucky.md","運気が上がる朝の習慣7つ｜今日から始められる開運ルーティン","朝のたった15分で運気を整える習慣を7つ厳選して紹介。掃除・呼吸・言霊・朝日浴など、今日から始められる開運ルーティンです。","61","luck-habits","false","1469","11","0","False","True","True","0",""
"2026-05-09-rose-quartz-meaning.md","ローズクォーツの意味・石言葉・効果｜恋愛運を高める使い方・浄化方法まで完全ガイド","ローズクォーツの石言葉・意味・効果の言い伝え、恋愛運を高める使い方、相性のよい組み合わせ、鉱物学的特徴、よくある質問までを総合的に解説。淡いピンクの「愛の石」を生活に取り入れるための保存版です。","97","powerstones","false","4748","13","1","True","True","True","5",""
"2026-05-10-agate.md","アゲート（瑪瑙）の意味・石言葉・効果｜家庭を守る「絆と安定の石」","アゲート（瑪瑙）（Agate）の意味・石言葉「家族の絆・調和・安定」と効果、こんな人におすすめ、相性のよい石、浄化方法までを総合的に解説。家庭を守る「絆と安定の石」の基礎と実践がこの1ページで分かります。","102","powerstones","false","1488","10","1","False","True","True","0",""
"2026-05-10-amazonite.md","アマゾナイトの意味・石言葉・効果｜アマゾン女戦士の伝説を宿す「希望と勇気の石」","アマゾナイトの石言葉・歴史、希望・勇気・自己表現にまつわる言い伝え、相性のよい組み合わせ、鉱物データ、よくある質問までを総合的に解説。アマゾンの女戦士に由来する青緑の石を生活に取り入れるための保存版です。","102","powerstones","false","3206","12","1","True","True","True","6","治療"
"2026-05-10-amber.md","アンバー（琥珀）の意味・石言葉・効果｜数千万年の時を閉じ込めた「太陽の石」","アンバー（琥珀）の石言葉・歴史、太陽のエネルギー・癒し・子供の守護にまつわる言い伝え、相性のよい組み合わせ、鉱物データ、よくある質問までを総合的に解説。「電気」の語源にもなった樹脂の化石を生活に取り入れるための保存版です。","111","powerstones","false","3280","12","1","True","True","True","6",""
"2026-05-10-amethyst.md","アメジスト（紫水晶）の意味・石言葉・効果｜古代ローマから愛される「真実の愛の石」","アメジスト（紫水晶）の石言葉・歴史・効果の言い伝え、直感力を高める使い方、相性のよい組み合わせ、鉱物学的特徴、よくある質問までを総合的に解説。古代ローマから愛されてきた「真実の愛の石」を生活に取り入れるための保存版です。","110","powerstones","false","4378","14","1","True","True","True","5",""
"2026-05-10-ametrine.md","アメトリンの意味・石言葉・効果｜アメジストとシトリンが融合した「陰陽の石」","アメトリン（Ametrine）の意味・石言葉「陰陽の調和・豊かさと精神性・二面性の統合」と効果、こんな人におすすめ、相性のよい石、浄化方法までを総合的に解説。アメジストとシトリンが融合した「陰陽の石」の基礎と実践がこの1ページで分かります。","120","powerstones","false","1484","10","1","False","True","True","0",""
"2026-05-10-apatite.md","アパタイトの意味・石言葉・効果｜目標達成を後押しする「青の指南石」","アパタイト（Apatite）の意味・石言葉「コミュニケーション・学業・目標達成」と効果、こんな人におすすめ、相性のよい石、浄化方法までを総合的に解説。目標達成を後押しする「青の指南石」の基礎と実践がこの1ページで分かります。","112","powerstones","false","1447","10","1","False","True","True","0",""
"2026-05-10-aquamarine.md","アクアマリンの意味・石言葉・効果｜海の女神に守られる「平穏と結婚の青の石」","アクアマリンの石言葉・歴史、結婚運・コミュニケーション・航海の守護にまつわる言い伝え、相性のよい組み合わせ、鉱物データ、よくある質問までを総合的に解説。3月の誕生石としても知られる海の青の石を生活に取り入れるための保存版です。","113","powerstones","false","3132","12","1","True","True","True","6",""
"2026-05-10-aso-jinja.md","阿蘇神社の参拝ガイド｜熊本県のパワースポット完全攻略","阿蘇神社（熊本県阿蘇市一の宮町宮地3083-1）の歴史・ご利益・参拝のポイント・おすすめのパワーストーン・周辺スポットまでを総合的に解説します。","72","powerspots","false","1048","11","0","False","True","True","0",""
"2026-05-10-aventurine.md","アベンチュリンの意味・石言葉・効果｜森林浴のような癒しを宿す「インドのヒスイ」","アベンチュリンの石言葉・歴史、心身の癒し・ストレス緩和・穏やかな金運にまつわる言い伝え、相性のよい組み合わせ、鉱物データ、よくある質問までを総合的に解説。古代インドから現代のヨガ実践者まで愛される緑の石を生活に取り入れるための保存版です。","119","powerstones","false","3135","12","1","True","True","True","6","治療"
"2026-05-10-azurite.md","アズライト（藍銅鉱）の意味・石言葉・効果｜深藍が誘う「霊性と洞察の石」","アズライト（藍銅鉱）（Azurite）の意味・石言葉「直感・霊性・深い洞察」と効果、こんな人におすすめ、相性のよい石、浄化方法までを総合的に解説。深藍が誘う「霊性と洞察の石」の基礎と実践がこの1ページで分かります。","107","powerstones","false","1456","10","1","False","True","True","0",""
"2026-05-10-birthstone-april.md","4月の誕生石｜ダイヤモンド（クリスタル）の意味と効果・選び方","4月の誕生石「ダイヤモンド（クリスタル）」の意味・効果・身につけ方・相性のよい石まで総合的に解説します。","52","powerstones","true","706","7","0","False","True","True","0",""
"2026-05-10-birthstone-august.md","8月の誕生石｜ペリドット（サードオニキス、スピネル）の意味と効果・選び方","8月の誕生石「ペリドット（サードオニキス、スピネル）」の意味・効果・身につけ方・相性のよい石まで総合的に解説します。","58","powerstones","true","726","7","0","False","True","True","0",""
"2026-05-10-birthstone-december.md","12月の誕生石｜ターコイズ（タンザナイト、ラピスラズリ、ジルコン）の意味と効果・選び方","12月の誕生石「ターコイズ（タンザナイト、ラピスラズリ、ジルコン）」の意味・効果・身につけ方・相性のよい石まで総合的に解説します。","65","powerstones","true","749","7","0","False","True","True","0",""
"2026-05-10-birthstone-february.md","2月の誕生石｜アメジストの意味と効果・選び方","2月の誕生石「アメジスト」の意味・効果・身につけ方・相性のよい石まで総合的に解説します。","44","powerstones","true","684","7","0","False","True","True","0",""
"2026-05-10-birthstone-january.md","1月の誕生石｜ガーネットの意味と効果・選び方","1月の誕生石「ガーネット」の意味・効果・身につけ方・相性のよい石まで総合的に解説します。","44","powerstones","true","695","7","0","False","True","True","0",""
"2026-05-10-birthstone-july.md","7月の誕生石｜ルビー（カーネリアン）の意味と効果・選び方","7月の誕生石「ルビー（カーネリアン）」の意味・効果・身につけ方・相性のよい石まで総合的に解説します。","50","powerstones","true","698","7","0","False","True","True","0",""
"2026-05-10-birthstone-june.md","6月の誕生石｜ムーンストーン（パール、アレキサンドライト）の意味と効果・選び方","6月の誕生石「ムーンストーン（パール、アレキサンドライト）」の意味・効果・身につけ方・相性のよい石まで総合的に解説します。","61","powerstones","true","766","7","0","False","True","True","0",""
"2026-05-10-birthstone-march.md","3月の誕生石｜アクアマリン（ブラッドストーン）の意味と効果・選び方","3月の誕生石「アクアマリン（ブラッドストーン）」の意味・効果・身につけ方・相性のよい石まで総合的に解説します。","55","powerstones","true","721","7","0","False","True","True","0",""
"2026-05-10-birthstone-may.md","5月の誕生石｜エメラルド（翡翠）の意味と効果・選び方","5月の誕生石「エメラルド（翡翠）」の意味・効果・身につけ方・相性のよい石まで総合的に解説します。","48","powerstones","true","683","7","0","False","True","True","0",""
"2026-05-10-birthstone-november.md","11月の誕生石｜トパーズ（シトリン）の意味と効果・選び方","11月の誕生石「トパーズ（シトリン）」の意味・効果・身につけ方・相性のよい石まで総合的に解説します。","50","powerstones","true","691","7","0","False","True","True","0",""
"2026-05-10-birthstone-october.md","10月の誕生石｜オパール（トルマリン、ローズクォーツ）の意味と効果・選び方","10月の誕生石「オパール（トルマリン、ローズクォーツ）」の意味・効果・身につけ方・相性のよい石まで総合的に解説します。","59","powerstones","true","728","7","0","False","True","True","0",""
"2026-05-10-birthstone-september.md","9月の誕生石｜サファイア（ラピスラズリ、アイオライト）の意味と効果・選び方","9月の誕生石「サファイア（ラピスラズリ、アイオライト）」の意味・効果・身につけ方・相性のよい石まで総合的に解説します。","59","powerstones","true","732","7","0","False","True","True","0",""
"2026-05-10-blue-topaz.md","ブルートパーズの意味・石言葉・効果｜誠実な言葉を運ぶ「11月の青の石」","ブルートパーズの石言葉・歴史、コミュニケーション・目標達成・誠実にまつわる言い伝え、相性のよい組み合わせ、鉱物データ、よくある質問までを総合的に解説。11月の誕生石としても知られる澄んだ青の石を生活に取り入れるための保存版です。","114","powerstones","false","3403","13","1","True","True","True","6",""
"2026-05-10-career-change-luck-stones.md","【転職運】転職運アップに本当に効くパワーストーン10選","転職運を高めたい人に向けて、本当に効くと言われるパワーストーン10種を紹介。各石の意味・相性・使い方まで解説します。","58","powerstones","true","813","5","10","False","True","True","0",""
"2026-05-10-carnelian.md","カーネリアンの意味・石言葉・効果｜ナポレオンも携えた「行動と達成の朱赤の石」","カーネリアンの石言葉・歴史、行動力・勝利・達成にまつわる言い伝え、相性のよい組み合わせ、鉱物データ、よくある質問までを総合的に解説。古代エジプトの王の墓からナポレオンの戦地まで時代を超えて愛される朱赤の石を生活に取り入れるための保存版です。","120","powerstones","false","3012","12","1","True","True","True","6",""
"2026-05-10-charoite.md","チャロアイトの意味・石言葉・効果｜ロシアでしか採れない「世界三大ヒーリングストーン」","チャロアイト（Charoite）の意味・石言葉「変容・邪気払い・霊性」と効果、こんな人におすすめ、相性のよい石、浄化方法までを総合的に解説。ロシアでしか採れない「世界三大ヒーリングストーン」の基礎と実践がこの1ページで分かります。","115","powerstones","false","1441","10","1","False","True","True","0",""
"2026-05-10-chrysocolla.md","クリソコラの意味・石言葉・効果｜「マザーアース」を象徴する女性性の石","クリソコラ（Chrysocolla）の意味・石言葉「女性性・母なる地球・コミュニケーション」と効果、こんな人におすすめ、相性のよい石、浄化方法までを総合的に解説。「マザーアース」を象徴する女性性の石の基礎と実践がこの1ページで分かります。","119","powerstones","false","1499","10","1","False","True","True","0",""
"2026-05-10-chrysoprase.md","クリソプレーズの意味・石言葉・効果｜アップルグリーンが芽吹かせる「成長の石」","クリソプレーズ（Chrysoprase）の意味・石言葉「希望・新しい愛・成長」と効果、こんな人におすすめ、相性のよい石、浄化方法までを総合的に解説。アップルグリーンが芽吹かせる「成長の石」の基礎と実践がこの1ページで分かります。","114","powerstones","false","1463","10","1","False","True","True","0",""
"2026-05-10-citrine.md","シトリン（黄水晶）の意味・石言葉・効果｜「商売繁盛の石」と呼ばれる金運の象徴","シトリンの石言葉・歴史・効果の言い伝え、金運に活かす方法、相性のよい組み合わせ、鉱物学的特徴、よくある質問までを総合的に解説。「商売繁盛の石」と呼ばれる黄水晶を生活に取り入れるための保存版です。","97","powerstones","false","3140","13","1","True","True","True","6",""
"2026-05-10-clear-quartz.md","水晶（クリスタル）の意味・石言葉・効果｜万能の浄化石・あらゆる石の基本となる存在","水晶（クリスタル）の石言葉・歴史・効果の言い伝え、浄化のしくみ、組み合わせ、鉱物学的特徴、よくある質問までを総合的に解説。あらゆる石の基本となる「マスタークリスタル」を生活に取り入れるための保存版です。","101","powerstones","false","4630","14","1","True","True","True","5",""
"2026-05-10-enoshima-jinja.md","江島神社の参拝ガイド｜神奈川県のパワースポット完全攻略","江島神社（神奈川県藤沢市江の島2-3-8）の歴史・ご利益・参拝のポイント・おすすめのパワーストーン・周辺スポットまでを総合的に解説します。","69","powerspots","false","1054","11","0","False","True","True","0",""
"2026-05-10-eto-boar.md","亥（いのしし）年生まれにおすすめのパワーストーン｜干支×石の相性","亥（いのしし）年生まれの性格と運勢を支えるおすすめパワーストーンをヘマタイトを中心に紹介。干支別の選び方を解説します。","59","powerstones","false","617","7","0","False","True","True","0",""
"2026-05-10-eto-dog.md","戌（いぬ）年生まれにおすすめのパワーストーン｜干支×石の相性","戌（いぬ）年生まれの性格と運勢を支えるおすすめパワーストーンをガーネットを中心に紹介。干支別の選び方を解説します。","57","powerstones","false","599","7","0","False","True","True","0",""
"2026-05-10-eto-dragon.md","辰（たつ）年生まれにおすすめのパワーストーン｜干支×石の相性","辰（たつ）年生まれの性格と運勢を支えるおすすめパワーストーンをラピスラズリを中心に紹介。干支別の選び方を解説します。","58","powerstones","false","627","7","0","False","True","True","0",""
"2026-05-10-eto-horse.md","午（うま）年生まれにおすすめのパワーストーン｜干支×石の相性","午（うま）年生まれの性格と運勢を支えるおすすめパワーストーンをカーネリアンを中心に紹介。干支別の選び方を解説します。","58","powerstones","false","608","7","0","False","True","True","0",""
"2026-05-10-eto-monkey.md","申（さる）年生まれにおすすめのパワーストーン｜干支×石の相性","申（さる）年生まれの性格と運勢を支えるおすすめパワーストーンをシトリンを中心に紹介。干支別の選び方を解説します。","56","powerstones","false","598","7","0","False","True","True","0",""
"2026-05-10-eto-ox.md","丑（うし）年生まれにおすすめのパワーストーン｜干支×石の相性","丑（うし）年生まれの性格と運勢を支えるおすすめパワーストーンをアゲートを中心に紹介。干支別の選び方を解説します。","56","powerstones","false","596","7","0","False","True","True","0",""
"2026-05-10-eto-rabbit.md","卯（うさぎ）年生まれにおすすめのパワーストーン｜干支×石の相性","卯（うさぎ）年生まれの性格と運勢を支えるおすすめパワーストーンをローズクォーツを中心に紹介。干支別の選び方を解説します。","60","powerstones","false","618","7","0","False","True","True","0",""
"2026-05-10-eto-rat.md","子（ねずみ）年生まれにおすすめのパワーストーン｜干支×石の相性","子（ねずみ）年生まれの性格と運勢を支えるおすすめパワーストーンをシトリンを中心に紹介。干支別の選び方を解説します。","57","powerstones","false","594","7","0","False","True","True","0",""
"2026-05-10-eto-rooster.md","酉（とり）年生まれにおすすめのパワーストーン｜干支×石の相性","酉（とり）年生まれの性格と運勢を支えるおすすめパワーストーンをソーダライトを中心に紹介。干支別の選び方を解説します。","58","powerstones","false","613","7","0","False","True","True","0",""
"2026-05-10-eto-sheep.md","未（ひつじ）年生まれにおすすめのパワーストーン｜干支×石の相性","未（ひつじ）年生まれの性格と運勢を支えるおすすめパワーストーンをローズクォーツを中心に紹介。干支別の選び方を解説します。","60","powerstones","false","617","7","0","False","True","True","0",""
"2026-05-10-eto-snake.md","巳（へび）年生まれにおすすめのパワーストーン｜干支×石の相性","巳（へび）年生まれの性格と運勢を支えるおすすめパワーストーンをアメジストを中心に紹介。干支別の選び方を解説します。","57","powerstones","false","606","7","0","False","True","True","0",""
"2026-05-10-eto-tiger.md","寅（とら）年生まれにおすすめのパワーストーン｜干支×石の相性","寅（とら）年生まれの性格と運勢を支えるおすすめパワーストーンをタイガーアイを中心に紹介。干支別の選び方を解説します。","58","powerstones","false","598","7","0","False","True","True","0",""
"2026-05-10-fengshui-bedroom-stones.md","寝室に置きたいパワーストーン｜睡眠の質と恋愛運を整える石7選","1日の3分の1を過ごす寝室は、運気の充電所。睡眠の質を高め、恋愛運や癒しを呼び込むパワーストーン7選と置き方を解説します。","61","luck-habits","false","1782","8","17","False","True","True","0",""
"2026-05-10-fengshui-desk-stones.md","仕事部屋・デスクに置くパワーストーン｜集中力と仕事運を上げる石7選","在宅ワークが当たり前になった今、デスク周りの「気」を整えることが集中力と仕事運に直結します。デスク向けパワーストーン7選と配置を解説。","67","luck-habits","false","1806","7","19","False","True","True","0",""
"2026-05-10-fengshui-direction-stones.md","方角別パワーストーン早見表｜八方位 × 五行 × 願い別の配置完全ガイド","風水の八方位ごとに最適なパワーストーンを早見表で完全網羅。北は仕事、南は名声、東は健康――方角と願いから逆引きできるガイドです。","64","luck-habits","false","2211","6","13","False","True","True","0",""
"2026-05-10-fengshui-entrance-stones.md","玄関に置きたいパワーストーン｜風水で「気の入口」を整える石8選","玄関は家のすべての気が入ってくる「気の入口」。風水的に最も重要な玄関に置くべきパワーストーン8選と、置き方のコツを解説します。","63","luck-habits","false","1689","7","13","False","True","True","0",""
"2026-05-10-fengshui-powerstone-basics.md","風水×パワーストーン｜気の流れを整える石の置き方の基本","風水とパワーストーンを組み合わせ、家やオフィスの「気」を整える方法を初心者向けに解説。方角・五行・色の対応から始めましょう。","62","luck-habits","false","1923","10","13","False","True","True","4",""
"2026-05-10-fertility-luck-stones.md","【子宝】子宝・安産に本当に効くパワーストーン10選","子宝を高めたい人に向けて、本当に効くと言われるパワーストーン10種を紹介。各石の意味・相性・使い方まで解説します。","57","powerstones","true","789","5","10","False","True","True","0",""
"2026-05-10-fluorite.md","フローライト（蛍石）の意味・石言葉・効果｜「天才の石」と呼ばれる集中の助力者","フローライト（蛍石）（Fluorite）の意味・石言葉「集中力・学業・頭脳明晰」と効果、こんな人におすすめ、相性のよい石、浄化方法までを総合的に解説。「天才の石」と呼ばれる集中の助力者の基礎と実践がこの1ページで分かります。","112","powerstones","false","1466","10","1","False","True","True","0",""
"2026-05-10-fujisan-hongu-sengen-taisha.md","富士山本宮浅間大社の参拝ガイド｜霊峰富士を御神体とする全国浅間神社の総本宮","富士山本宮浅間大社（静岡県富士宮市宮町1-1）の歴史・ご利益・木花之佐久夜毘売命・湧玉池・奥宮・参拝のポイント・おすすめのパワーストーン・周辺スポットまでを総合的に解説。世界遺産・富士山信仰の中心地を訪れるための保存版です。","112","powerspots","false","3818","17","0","True","True","True","5",""
"2026-05-10-garnet.md","ガーネットの意味・石言葉・効果｜努力を実りに変える「勝利と情熱の石」","ガーネットの石言葉・歴史、勝負運・実りの結実・情熱にまつわる言い伝え、相性のよい組み合わせ、鉱物データ、よくある質問までを総合的に解説。旧約聖書のノアの方舟に灯された伝説の赤い石を生活に取り入れるための保存版です。","107","powerstones","false","3218","12","1","True","True","True","6",""
"2026-05-10-health-luck-stones.md","【健康運】健康運アップに本当に効くパワーストーン10選","健康運を高めたい人に向けて、本当に効くと言われるパワーストーン10種を紹介。各石の意味・相性・使い方まで解説します。","58","powerstones","true","837","5","10","False","True","True","0",""
"2026-05-10-hematite.md","ヘマタイト（赤鉄鉱）の意味・石言葉・効果｜古代戦士の盾「勝利と活力の石」","ヘマタイト（赤鉄鉱）（Hematite）の意味・石言葉「勝利・活力・グラウンディング」と効果、こんな人におすすめ、相性のよい石、浄化方法までを総合的に解説。古代戦士の盾「勝利と活力の石」の基礎と実践がこの1ページで分かります。","113","powerstones","false","1502","10","1","False","True","True","0",""
"2026-05-10-hieizan-enryakuji.md","比叡山延暦寺の参拝ガイド｜滋賀県のパワースポット完全攻略","比叡山延暦寺（滋賀県大津市坂本本町4220）の歴史・ご利益・参拝のポイント・おすすめのパワーストーン・周辺スポットまでを総合的に解説します。","70","powerspots","false","1073","11","0","False","True","True","0",""
"2026-05-10-hokkaido-jingu.md","北海道神宮の参拝ガイド｜開拓の祈りを継ぐ札幌の総鎮守","北海道神宮（北海道札幌市中央区宮ヶ丘474）の歴史・ご利益・開拓三神・参拝のポイント・円山公園・判官さま・桜・おすすめのパワーストーン・周辺スポットまでを総合的に解説。北海道の総鎮守を訪れるための保存版です。","104","powerspots","false","3392","15","0","True","True","True","5",""
"2026-05-10-how-to-wear-powerstones.md","パワーストーンの正しい身につけ方｜左右の使い分けと効果を最大化する場所","パワーストーンは左手と右手で意味が変わります。ブレスレット・ペンダント・指輪の正しい身につけ方と、効果を最大化する位置を完全解説。","65","powerstones","false","1971","11","8","False","True","True","0",""
"2026-05-10-imperial-topaz.md","インペリアルトパーズの意味・石言葉・効果｜ロシア皇帝に愛された「成功と威厳の石」","インペリアルトパーズ（Imperial Topaz）の意味・石言葉「皇帝の輝き・成功・自信」と効果、こんな人におすすめ、相性のよい石、浄化方法までを総合的に解説。ロシア皇帝に愛された「成功と威厳の石」の基礎と実践がこの1ページで分かります。","120","powerstones","false","1502","10","1","False","True","True","0",""
"2026-05-10-iolite.md","アイオライト（菫青石）の意味・石言葉・効果｜ヴァイキングの羅針盤「進路を示す石」","アイオライト（菫青石）（Iolite）の意味・石言葉「羅針盤・進む道・ヴィジョン」と効果、こんな人におすすめ、相性のよい石、浄化方法までを総合的に解説。ヴァイキングの羅針盤「進路を示す石」の基礎と実践がこの1ページで分かります。","114","powerstones","false","1502","10","1","False","True","True","0",""
"2026-05-10-itsukushima-jinja.md","厳島神社の参拝ガイド｜海に浮かぶ世界遺産、宮島のパワースポット完全攻略","厳島神社（広島県廿日市市宮島町）の歴史・ご利益・潮汐に合わせた参拝のポイント・大鳥居・弥山・おすすめのパワーストーン・周辺スポットまでを総合的に解説。平清盛が造営した世界遺産の社を訪れるための保存版です。","102","powerspots","false","3408","15","0","True","True","True","5",""
"2026-05-10-izumo-taisha.md","出雲大社 完全ガイド｜縁結びの聖地・島根の参拝術・パワーストーンとの相性まで","出雲大社の歴史・ご利益・参拝マナー（二礼四拍手一礼）・見どころ・アクセス・神在月の参拝術・相性のよいパワーストーン・FAQまでを総合的に解説。日本最古級の縁結びの聖地への参拝を完璧に準備するための保存版です。","104","powerspots","false","4698","15","9","True","True","True","5",""
"2026-05-10-jade.md","ヒスイ（翡翠）の意味・石言葉・効果｜東洋で「玉」と呼ばれる徳と繁栄の石","ヒスイの石言葉・歴史、繁栄・長寿・徳にまつわる言い伝え、ジェダイトとネフライトの違い、相性のよい組み合わせ、鉱物データ、よくある質問までを総合的に解説。縄文時代から日本人が大切にしてきた緑の石を生活に取り入れるための保存版です。","114","powerstones","false","3435","13","1","True","True","True","6",""
"2026-05-10-kasuga-taisha.md","春日大社の参拝ガイド｜3000基の灯籠が灯る奈良の藤原氏ゆかりの社","春日大社（奈良県奈良市春日野町160）の歴史・ご利益・参拝のポイント・夫婦大國社・万燈籠神事・神鹿・おすすめのパワーストーン・周辺スポットまでを総合的に解説。世界遺産・古都奈良の文化財を訪れるための保存版です。","105","powerspots","false","3463","16","0","True","True","True","5",""
"2026-05-10-kirishima-jingu.md","霧島神宮の参拝ガイド｜鹿児島県のパワースポット完全攻略","霧島神宮（鹿児島県霧島市霧島田口2608-5）の歴史・ご利益・参拝のポイント・おすすめのパワーストーン・周辺スポットまでを総合的に解説します。","71","powerspots","false","1025","11","0","False","True","True","0",""
"2026-05-10-kumano-hongu-taisha.md","熊野本宮大社の参拝ガイド｜熊野古道の終点、蘇りの聖地完全攻略","熊野本宮大社（和歌山県田辺市本宮町本宮）の歴史・ご利益・参拝のポイント・大斎原・八咫烏・熊野古道・おすすめのパワーストーン・周辺スポットまでを総合的に解説。世界遺産・紀伊山地の霊場と参詣道の中核を訪れるための保存版です。","110","powerspots","false","3659","16","0","True","True","True","5",""
"2026-05-10-kunzite.md","クンツァイトの意味・石言葉・効果｜「マザーオブラブ」の優しい母性","クンツァイト（Kunzite）の意味・石言葉「無条件の愛・癒し・母性」と効果、こんな人におすすめ、相性のよい石、浄化方法までを総合的に解説。「マザーオブラブ」の優しい母性の基礎と実践がこの1ページで分かります。","105","powerstones","false","1475","10","1","False","True","True","0",""
"2026-05-10-kurama-dera.md","鞍馬寺の参拝ガイド｜京都府のパワースポット完全攻略","鞍馬寺（京都府京都市左京区鞍馬本町1074）の歴史・ご利益・参拝のポイント・おすすめのパワーストーン・周辺スポットまでを総合的に解説します。","70","powerspots","false","1094","11","0","False","True","True","0",""
"2026-05-10-labradorite.md","ラブラドライトの意味・石言葉・効果｜オーロラを宿した「霊性と直感の石」","ラブラドライト（Labradorite）の意味・石言葉「直感・霊性・魔除け」と効果、こんな人におすすめ、相性のよい石、浄化方法までを総合的に解説。オーロラを宿した「霊性と直感の石」の基礎と実践がこの1ページで分かります。","110","powerstones","false","1472","10","1","False","True","True","0",""
"2026-05-10-lapis-lazuli.md","ラピスラズリの意味・石言葉・効果｜古代エジプトから愛される「天空を象る石」","ラピスラズリの石言葉・歴史・効果の言い伝え、人生の節目で活かす使い方、組み合わせ、鉱物学的特徴、よくある質問までを総合的に解説。ツタンカーメンも愛した世界最古のパワーストーンを生活に取り入れるための保存版です。","105","powerstones","false","4434","14","1","True","True","True","5",""
"2026-05-10-larimar.md","ラリマーの意味・石言葉・効果｜カリブの海を閉じ込めた「平和と癒しの石」","ラリマー（Larimar）の意味・石言葉「平和・癒し・母性」と効果、こんな人におすすめ、相性のよい石、浄化方法までを総合的に解説。カリブの海を閉じ込めた「平和と癒しの石」の基礎と実践がこの1ページで分かります。","105","powerstones","false","1434","10","1","False","True","True","0",""
"2026-05-10-love-luck-stones.md","【恋愛運】恋愛運アップに本当に効くパワーストーン10選","恋愛運を高めたい人に向けて、本当に効くと言われるパワーストーン10種を紹介。各石の意味・相性・使い方まで解説します。","58","powerstones","true","929","5","10","False","True","True","0",""
"2026-05-10-malachite.md","マラカイトの意味・石言葉・効果｜全てを見通す目を持つ「危険察知の魔除け石」","マラカイトの石言葉・歴史、危険察知・癒し・母性にまつわる言い伝え、相性のよい組み合わせ、鉱物データ、よくある質問までを総合的に解説。古代エジプトから中世ロシアまで子供のお守りとして愛された深緑の石を生活に取り入れるための保存版です。","116","powerstones","false","3139","12","1","True","True","True","5",""
"2026-05-10-marriage-luck-stones.md","【結婚運】結婚運アップに本当に効くパワーストーン10選","結婚運を高めたい人に向けて、本当に効くと言われるパワーストーン10種を紹介。各石の意味・相性・使い方まで解説します。","58","powerstones","true","845","5","10","False","True","True","0",""
"2026-05-10-meiji-jingu.md","明治神宮の参拝ガイド｜70万㎡の鎮守の杜が広がる東京の最大パワースポット","明治神宮（東京都渋谷区代々木神園町1-1）の歴史・ご利益・参拝のポイント・清正井・夫婦楠・初詣の混雑情報・おすすめのパワーストーン・周辺スポットまでを総合的に解説。原宿駅徒歩1分の鎮守の杜を完全攻略するための保存版です。","110","powerspots","false","3297","15","0","True","True","True","5",""
"2026-05-10-mitsumine-jinja.md","三峯神社の参拝ガイド｜埼玉県のパワースポット完全攻略","三峯神社（埼玉県秩父市三峰298-1）の歴史・ご利益・参拝のポイント・おすすめのパワーストーン・周辺スポットまでを総合的に解説します。","67","powerspots","false","1023","11","0","False","True","True","0",""
"2026-05-10-money-luck-stones.md","【金運】金運アップに本当に効くパワーストーン10選","金運を高めたい人に向けて、本当に効くと言われるパワーストーン10種を紹介。各石の意味・相性・使い方まで解説します。","57","powerstones","true","856","5","10","False","True","True","0",""
"2026-05-10-moon-phases-and-stones.md","月の満ち欠けとパワーストーンの関係｜新月・満月・上弦・下弦の活かし方","新月・満月・上弦・下弦――月の満ち欠けに合わせて、パワーストーンの浄化・チャージ・願掛けを使い分ける方法を完全解説します。","61","luck-habits","false","2024","10","9","False","True","True","0",""
"2026-05-10-moonstone.md","ムーンストーンの意味・石言葉・効果｜月の女神に守られる「直感と新しい始まりの石」","ムーンストーンの石言葉・歴史、女性性・直感・新月にまつわる言い伝え、相性のよい組み合わせ、鉱物データ、よくある質問までを総合的に解説。古代インドからローマまで月の化身として崇められた乳白の石を生活に取り入れるための保存版です。","113","powerstones","false","3225","12","1","True","True","True","6",""
"2026-05-10-morganite.md","モルガナイトの意味・石言葉・効果｜アクアマリンと姉妹の「愛と結婚の石」","モルガナイト（Morganite）の意味・石言葉「優しさ・結婚・愛の成就」と効果、こんな人におすすめ、相性のよい石、浄化方法までを総合的に解説。アクアマリンと姉妹の「愛と結婚の石」の基礎と実践がこの1ページで分かります。","110","powerstones","false","1475","10","1","False","True","True","0",""
"2026-05-10-morion.md","モリオン（黒水晶）の意味・石言葉・効果｜「最強の魔除け石」と称される漆黒の水晶","モリオン（黒水晶）（Morion）の意味・石言葉「最強の魔除け・邪気払い・霊的守護」と効果、こんな人におすすめ、相性のよい石、浄化方法までを総合的に解説。「最強の魔除け石」と称される漆黒の水晶の基礎と実践がこの1ページで分かります。","116","powerstones","false","1491","10","1","False","True","True","0",""
"2026-05-10-munakata-taisha.md","宗像大社の参拝ガイド｜福岡県のパワースポット完全攻略","宗像大社（福岡県宗像市田島2331）の歴史・ご利益・参拝のポイント・おすすめのパワーストーン・周辺スポットまでを総合的に解説します。","66","powerspots","false","1045","11","0","False","True","True","0",""
"2026-05-10-obsidian.md","オブシディアンの意味・石言葉・効果｜本質を映し出す「真実の鏡」","オブシディアン（黒曜石）の石言葉・歴史、真実の鏡・邪気払い・過去の解放にまつわる言い伝え、相性のよい組み合わせ、鉱物データ、よくある質問までを総合的に解説。古代マヤ・アステカ・日本縄文時代まで遡る火山ガラスの石を生活に取り入れるための保存版です。","123","powerstones","false","3464","13","1","True","True","True","6",""
"2026-05-10-omiwa-jinja.md","大神神社の参拝ガイド｜三輪山を御神体とする日本最古級の神社","大神神社（奈良県桜井市三輪1422）の歴史・ご利益・三輪山信仰・参拝のポイント・狭井神社・薬井戸・登拝・おすすめのパワーストーン・周辺スポットまでを総合的に解説。日本最古級の原始信仰を今に伝える聖地を訪れるための保存版です。","112","powerspots","false","3837","17","0","True","True","True","5",""
"2026-05-10-onyx.md","オニキスの意味・石言葉・効果｜漆黒の輝きで負を断ち切る「守護と意志の石」","オニキスの石言葉・歴史、邪気払いと意志力にまつわる言い伝え、相性のよい組み合わせ、鉱物データ、よくある質問までを総合的に解説。古代ローマの兵士から現代のビジネスパーソンまで愛される漆黒のパワーストーンを生活に取り入れるための保存版です。","118","powerstones","false","3031","12","1","True","True","True","6",""
"2026-05-10-opal.md","オパールの意味・石言葉・効果｜虹色の遊色を秘めた「希望と創造の石」","オパールの石言葉・歴史、創造性・希望・情熱にまつわる言い伝え、ブラック・ホワイト・ファイアーの種類、相性のよい組み合わせ、鉱物データ、よくある質問までを総合的に解説。10月の誕生石としても知られる虹色の石を生活に取り入れるための保存版です。","120","powerstones","false","3434","13","1","True","True","True","7",""
"2026-05-10-peridot.md","ペリドットの意味・石言葉・効果｜夜にも輝く「太陽の宝石」","ペリドットの石言葉・歴史、夫婦和合・希望・邪気払いにまつわる言い伝え、相性のよい組み合わせ、鉱物データ、よくある質問までを総合的に解説。古代エジプトでクレオパトラに愛されたと伝わる8月の誕生石を生活に取り入れるための保存版です。","114","powerstones","false","3189","12","1","True","True","True","7",""
"2026-05-10-powerstone-beginner-guide.md","パワーストーン入門｜初心者が最初に知っておきたい全知識","パワーストーンって本当に効くの？からスタートし、選び方・浄化・身につけ方まで初心者が知っておくべき基本を全部まとめた入門ガイドです。","66","powerstones","false","2102","9","7","False","True","True","5",""
"2026-05-10-powerstone-combinations.md","パワーストーンの組み合わせ完全ガイド｜相乗効果を生む2石・3石の組み方","パワーストーンは1石より複数の組み合わせで真価を発揮します。相乗効果を生む組み合わせ・避けるべき組み合わせ・色と意味の調和を完全解説。","67","powerstones","false","1770","6","17","False","True","True","0",""
"2026-05-10-powerstone-how-to-choose.md","パワーストーンの選び方完全ガイド｜直感・誕生石・悩み別から自分に合う1石を見つける","数百種類あるパワーストーンの中から、自分に本当に合う1石を見つける選び方を、直感・誕生石・悩み別・色別の4軸で解説します。","61","powerstones","true","1738","8","1","False","True","True","2",""
"2026-05-10-prehnite.md","プレナイトの意味・石言葉・効果｜心の断捨離を促す「手放しの石」","プレナイト（Prehnite）の意味・石言葉「不要なものを手放す・予知・断捨離」と効果、こんな人におすすめ、相性のよい石、浄化方法までを総合的に解説。心の断捨離を促す「手放しの石」の基礎と実践がこの1ページで分かります。","110","powerstones","false","1451","10","1","False","True","True","0",""
"2026-05-10-protection-luck-stones.md","【厄除け】厄除け・魔除けに本当に効くパワーストーン10選","厄除けを高めたい人に向けて、本当に効くと言われるパワーストーン10種を紹介。各石の意味・相性・使い方まで解説します。","58","powerstones","true","793","5","10","False","True","True","0",""
"2026-05-10-purification-complete-guide.md","パワーストーンの浄化方法完全ガイド｜10種類の方法と石別の向き不向き","パワーストーンの浄化方法を10種類すべて解説。石ごとの向き不向き、頻度、組み合わせまで、これさえ読めば浄化に迷わなくなる完全ガイドです。","68","powerstones","false","2075","7","14","False","True","True","0",""
"2026-05-10-pyrite.md","パイライト（黄鉄鉱）の意味・石言葉・効果｜「フールズゴールド」と呼ばれる金運の象徴","パイライト（黄鉄鉱）（Pyrite）の意味・石言葉「金運・意志力・邪気払い」と効果、こんな人におすすめ、相性のよい石、浄化方法までを総合的に解説。「フールズゴールド」と呼ばれる金運の象徴の基礎と実践がこの1ページで分かります。","113","powerstones","false","1491","10","1","False","True","True","0",""
"2026-05-10-relation-luck-stones.md","【対人運】対人運アップに本当に効くパワーストーン10選","対人運を高めたい人に向けて、本当に効くと言われるパワーストーン10種を紹介。各石の意味・相性・使い方まで解説します。","58","powerstones","true","833","5","10","False","True","True","0",""
"2026-05-10-rhodochrosite.md","ロードクロサイト（インカローズ）の意味・石言葉・効果｜「薔薇色の人生」を呼ぶインカ帝国の伝説石","ロードクロサイト（インカローズ）（Rhodochrosite）の意味・石言葉「情熱の愛・ソウルメイト・薔薇色の人生」と効果、こんな人におすすめ、相性のよい石、浄化方法までを総合的に解説。「薔薇色の人生」を呼ぶインカ帝国の伝説石の基礎と実践がこの1ページで分かります。","133","powerstones","false","1622","10","1","False","True","True","0",""
"2026-05-10-rhodonite.md","ロードナイトの意味・石言葉・効果｜傷ついた愛を再生する「許しの石」","ロードナイト（Rhodonite）の意味・石言葉「許し・兄弟愛・再生」と効果、こんな人におすすめ、相性のよい石、浄化方法までを総合的に解説。傷ついた愛を再生する「許しの石」の基礎と実践がこの1ページで分かります。","106","powerstones","false","1426","10","1","False","True","True","0",""
"2026-05-10-rutilated-quartz.md","ルチルクォーツ（針水晶）の意味・石言葉・効果｜黄金の針を宿した「最強の金運石」","ルチルクォーツ（針水晶）（Rutilated Quartz）の意味・石言葉「金運・成功・強運」と効果、こんな人におすすめ、相性のよい石、浄化方法までを総合的に解説。黄金の針を宿した「最強の金運石」の基礎と実践がこの1ページで分かります。","118","powerstones","false","1535","10","1","False","True","True","0",""
"2026-05-10-seraphinite.md","セラフィナイトの意味・石言葉・効果｜天使の羽を宿した「高次のヒーリング石」","セラフィナイト（Seraphinite）の意味・石言葉「天使・高次の癒し・霊性」と効果、こんな人におすすめ、相性のよい石、浄化方法までを総合的に解説。天使の羽を宿した「高次のヒーリング石」の基礎と実践がこの1ページで分かります。","114","powerstones","false","1436","10","1","False","True","True","0",""
"2026-05-10-smoky-quartz.md","スモーキークォーツ（煙水晶）の意味・石言葉・効果｜現実を生きる力を支える「グラウンディングの石」","スモーキークォーツ（煙水晶）（Smoky Quartz）の意味・石言葉「邪気払い・癒し・現実適応」と効果、こんな人におすすめ、相性のよい石、浄化方法までを総合的に解説。現実を生きる力を支える「グラウンディングの石」の基礎と実践がこの1ページで分かります。","127","powerstones","false","1573","10","1","False","True","True","0",""
"2026-05-10-sodalite.md","ソーダライトの意味・石言葉・効果｜学者の机に置きたい「思考と信念の石」","ソーダライト（Sodalite）の意味・石言葉「論理・学業・信念」と効果、こんな人におすすめ、相性のよい石、浄化方法までを総合的に解説。学者の机に置きたい「思考と信念の石」の基礎と実践がこの1ページで分かります。","106","powerstones","false","1444","10","1","False","True","True","0",""
"2026-05-10-spinel.md","スピネルの意味・石言葉・効果｜ルビーと混同された「復活と生命力の石」","スピネル（Spinel）の意味・石言葉「生命力・情熱・復活」と効果、こんな人におすすめ、相性のよい石、浄化方法までを総合的に解説。ルビーと混同された「復活と生命力の石」の基礎と実践がこの1ページで分かります。","104","powerstones","false","1434","10","1","False","True","True","0",""
"2026-05-10-spot-fake-stones.md","パワーストーンの偽物・人工石の見分け方｜素人でもできる8つのチェックポイント","高額なパワーストーンほど偽物・人工石・染色品が出回っています。素人でもできる8つのチェックポイントと、絶対に避けるべき購入先を解説。","66","powerstones","false","1984","7","14","False","True","True","0",""
"2026-05-10-study-luck-stones.md","【勉強運】勉強運アップに本当に効くパワーストーン10選","勉強運を高めたい人に向けて、本当に効くと言われるパワーストーン10種を紹介。各石の意味・相性・使い方まで解説します。","58","powerstones","true","804","5","10","False","True","True","0",""
"2026-05-10-sugilite.md","スギライトの意味・石言葉・効果｜日本人地質学者が発見した「紫の癒しの石」","スギライト（Sugilite）の意味・石言葉「紫の癒し・霊性・邪気払い」と効果、こんな人におすすめ、相性のよい石、浄化方法までを総合的に解説。日本人地質学者が発見した「紫の癒しの石」の基礎と実践がこの1ページで分かります。","111","powerstones","false","1411","10","1","False","True","True","0",""
"2026-05-10-sunstone.md","サンストーンの意味・石言葉・効果｜太陽の輝きを宿す「活力とリーダーシップの石」","サンストーン（Sunstone）の意味・石言葉「太陽・活力・リーダーシップ」と効果、こんな人におすすめ、相性のよい石、浄化方法までを総合的に解説。太陽の輝きを宿す「活力とリーダーシップの石」の基礎と実践がこの1ページで分かります。","115","powerstones","false","1526","10","1","False","True","True","0",""
"2026-05-10-suwa-taisha.md","諏訪大社の参拝ガイド｜長野県のパワースポット完全攻略","諏訪大社（長野県諏訪市・茅野市・下諏訪町（4社で構成））の歴史・ご利益・参拝のポイント・おすすめのパワーストーン・周辺スポットまでを総合的に解説します。","76","powerspots","false","1020","11","0","False","True","True","0",""
"2026-05-10-takachiho-kyo.md","高千穂峡の参拝ガイド｜宮崎県のパワースポット完全攻略","高千穂峡（宮崎県西臼杵郡高千穂町大字三田井）の歴史・ご利益・参拝のポイント・おすすめのパワーストーン・周辺スポットまでを総合的に解説します。","70","powerspots","false","1134","11","0","False","True","True","0",""
"2026-05-10-tamaki-jinja.md","玉置神社の参拝ガイド｜奈良県のパワースポット完全攻略","玉置神社（奈良県吉野郡十津川村玉置川1）の歴史・ご利益・参拝のポイント・おすすめのパワーストーン・周辺スポットまでを総合的に解説します。","68","powerspots","false","1067","11","0","False","True","True","0",""
"2026-05-10-tanzanite.md","タンザナイトの意味・石言葉・効果｜20世紀発見の「ニュータイムストーン」","タンザナイト（Tanzanite）の意味・石言葉「変容・霊性・新しい人生」と効果、こんな人におすすめ、相性のよい石、浄化方法までを総合的に解説。20世紀発見の「ニュータイムストーン」の基礎と実践がこの1ページで分かります。","111","powerstones","false","1463","10","1","False","True","True","0",""
"2026-05-10-tigers-eye.md","タイガーアイの意味・石言葉・効果｜虎の目で本質を見抜く「決断と金運の石」","タイガーアイの石言葉・歴史・効果の言い伝え、仕事運・金運に活かす方法、相性のよい組み合わせ、鉱物データ、よくある質問までを総合的に解説。古代ローマの兵士から現代のビジネスパーソンまで愛される定番ストーンを生活に取り入れるための保存版です。","119","powerstones","false","2990","12","1","True","True","True","5",""
"2026-05-10-togakushi-jinja.md","戸隠神社の参拝ガイド｜長野県のパワースポット完全攻略","戸隠神社（長野県長野市戸隠（5社で構成））の歴史・ご利益・参拝のポイント・おすすめのパワーストーン・周辺スポットまでを総合的に解説します。","69","powerspots","false","1027","11","0","False","True","True","0",""
"2026-05-10-turquoise.md","ターコイズの意味・石言葉・効果｜旅と空のお守り「スカイストーン」","ターコイズの石言葉・歴史、旅の守護・友情・浄化にまつわる言い伝え、相性のよい組み合わせ、鉱物データ、よくある質問までを総合的に解説。古代エジプトからネイティブアメリカンまで世界中で愛されてきた青緑の石を生活に取り入れるための保存版です。","118","powerstones","false","3129","12","1","True","True","True","6",""
"2026-05-10-unakite.md","ユナカイトの意味・石言葉・効果｜癒しと再生の「妊娠の石」","ユナカイト（Unakite）の意味・石言葉「過去の解放・視野の拡張・妊娠・出産」と効果、こんな人におすすめ、相性のよい石、浄化方法までを総合的に解説。癒しと再生の「妊娠の石」の基礎と実践がこの1ページで分かります。","107","powerstones","false","1443","10","1","False","True","True","0",""
"2026-05-10-work-luck-stones.md","【仕事運】仕事運アップに本当に効くパワーストーン10選","仕事運を高めたい人に向けて、本当に効くと言われるパワーストーン10種を紹介。各石の意味・相性・使い方まで解説します。","58","powerstones","true","825","5","10","False","True","True","0",""
"2026-05-10-yakushima.md","屋久島の参拝ガイド｜鹿児島県のパワースポット完全攻略","屋久島（鹿児島県熊毛郡屋久島町）の歴史・ご利益・参拝のポイント・おすすめのパワーストーン・周辺スポットまでを総合的に解説します。","64","powerspots","false","1122","11","0","False","True","True","0",""
"2026-05-10-zodiac-aquarius.md","水瓶座（Aquarius）におすすめのパワーストーン｜性格と相性を読み解く","水瓶座（1/20〜2/18）の性格・運勢を支えるおすすめパワーストーンをアメジストを中心に紹介。星座別の選び方を解説します。","62","powerstones","true","623","7","0","False","True","True","0",""
"2026-05-10-zodiac-aries.md","牡羊座（Aries）におすすめのパワーストーン｜性格と相性を読み解く","牡羊座（3/21〜4/19）の性格・運勢を支えるおすすめパワーストーンをカーネリアンを中心に紹介。星座別の選び方を解説します。","63","powerstones","true","634","7","0","False","True","True","0",""
"2026-05-10-zodiac-cancer.md","蟹座（Cancer）におすすめのパワーストーン｜性格と相性を読み解く","蟹座（6/22〜7/22）の性格・運勢を支えるおすすめパワーストーンをムーンストーンを中心に紹介。星座別の選び方を解説します。","63","powerstones","true","629","7","0","False","True","True","0",""
"2026-05-10-zodiac-capricorn.md","山羊座（Capricorn）におすすめのパワーストーン｜性格と相性を読み解く","山羊座（12/22〜1/19）の性格・運勢を支えるおすすめパワーストーンをガーネットを中心に紹介。星座別の選び方を解説します。","63","powerstones","true","644","7","0","False","True","True","0",""
"2026-05-10-zodiac-gemini.md","双子座（Gemini）におすすめのパワーストーン｜性格と相性を読み解く","双子座（5/21〜6/21）の性格・運勢を支えるおすすめパワーストーンをシトリンを中心に紹介。星座別の選び方を解説します。","61","powerstones","true","645","7","0","False","True","True","0",""
"2026-05-10-zodiac-leo.md","獅子座（Leo）におすすめのパワーストーン｜性格と相性を読み解く","獅子座（7/23〜8/22）の性格・運勢を支えるおすすめパワーストーンをタイガーアイを中心に紹介。星座別の選び方を解説します。","63","powerstones","true","641","7","0","False","True","True","0",""
"2026-05-10-zodiac-libra.md","天秤座（Libra）におすすめのパワーストーン｜性格と相性を読み解く","天秤座（9/23〜10/23）の性格・運勢を支えるおすすめパワーストーンをローズクォーツを中心に紹介。星座別の選び方を解説します。","65","powerstones","true","641","7","0","False","True","True","0",""
"2026-05-10-zodiac-pisces.md","魚座（Pisces）におすすめのパワーストーン｜性格と相性を読み解く","魚座（2/19〜3/20）の性格・運勢を支えるおすすめパワーストーンをアクアマリンを中心に紹介。星座別の選び方を解説します。","62","powerstones","true","624","7","0","False","True","True","0",""
"2026-05-10-zodiac-sagittarius.md","射手座（Sagittarius）におすすめのパワーストーン｜性格と相性を読み解く","射手座（11/23〜12/21）の性格・運勢を支えるおすすめパワーストーンをターコイズを中心に紹介。星座別の選び方を解説します。","64","powerstones","true","627","7","0","False","True","True","0",""
"2026-05-10-zodiac-scorpio.md","蠍座（Scorpio）におすすめのパワーストーン｜性格と相性を読み解く","蠍座（10/24〜11/22）の性格・運勢を支えるおすすめパワーストーンをオブシディアンを中心に紹介。星座別の選び方を解説します。","65","powerstones","true","630","7","0","False","True","True","0",""
"2026-05-10-zodiac-taurus.md","牡牛座（Taurus）におすすめのパワーストーン｜性格と相性を読み解く","牡牛座（4/20〜5/20）の性格・運勢を支えるおすすめパワーストーンをローズクォーツを中心に紹介。星座別の選び方を解説します。","64","powerstones","true","644","7","0","False","True","True","0",""
"2026-05-10-zodiac-virgo.md","乙女座（Virgo）におすすめのパワーストーン｜性格と相性を読み解く","乙女座（8/23〜9/22）の性格・運勢を支えるおすすめパワーストーンをアメジストを中心に紹介。星座別の選び方を解説します。","62","powerstones","true","632","7","0","False","True","True","0",""
"2026-05-11-birthstone-guide.md","12ヶ月の誕生石総合ガイド｜あなたの月の石・意味・相性・身につけ方","1月〜12月の誕生石とその意味・石言葉・相性のよい石・身につけ方を1ページでまとめた総合ガイド。生まれ月から最強のお守りを見つけ、贈り物選びにも使える保存版です。","81","powerstones","false","5140","20","2","True","True","True","5",""
"2026-05-11-luck-powerstones-complete-guide.md","目的別パワーストーン総合ガイド｜恋愛・金運・仕事・健康など10ジャンルの守り石","恋愛運・金運・仕事運・健康運・対人運・結婚運・勉強運・子宝・厄除け・転職運の10ジャンル別に、本当に効くと言われるパワーストーンを1ページで紹介。目的に合う1石を最短で見つけられる総合ガイドです。","98","powerstones","false","5615","18","0","True","True","True","5",""
"2026-05-11-zodiac-powerstones-guide.md","12星座別おすすめパワーストーン総合ガイド｜あなたの守り石を見つける","12星座それぞれに対応する『主役の石』『相性石』『使い方のヒント』を1ページにまとめた総合ガイド。火・地・風・水のエレメント別に分類し、自分の星座にぴったりの守り石を一気に確認できます。","93","powerstones","false","5552","12","12","True","True","True","6",""
"2026-05-12-how-to-choose-powerstones.md","パワーストーンの選び方 完全ガイド｜目的・誕生石・色・直感から自分に合う1石を見つける","数百種類あるパワーストーンから、自分に本当に合う1石を見つけるための完全ガイド。基礎知識から目的別・種類別の選び方、初心者向けおすすめ5選、浄化・お手入れ方法、FAQまで網羅した保存版。","93","powerstones","false","5203","12","5","True","True","True","27",""
"2026-05-12-lucky-habits-guide.md","開運習慣 完全ガイド｜毎日・季節・風水・言霊で運を呼び込む暮らし方","毎日できる朝・夜の開運ルーティンから、季節ごとの開運アクション、風水的な暮らし、言霊・引き寄せの考え方まで網羅した完全ガイド。今日から取り入れられる小さな習慣で運気を整える保存版です。","92","luck-habits","false","5263","12","17","True","True","True","18",""
"2026-05-12-lucky-items-guide.md","開運グッズの選び方 完全ガイド｜財布・お守り・縁起物・招き猫・だるまの基本","開運グッズの種類と選び方を網羅した完全ガイド。財布・お守り・縁起物・招き猫・だるまの特徴、目的別の選び方、飾り方・使い方、処分の作法、FAQまで解説。日々の暮らしに開運を取り入れるための保存版です。","99","lucky-goods","false","4482","10","12","True","True","True","10",""
"2026-05-12-shrine-visit-basics.md","神社参拝の基本 完全ガイド｜作法・マナー・願い事別おすすめ神社まで網羅","神社参拝の正しい作法（手水・二礼二拍手一礼）、持ち物・服装マナー、御朱印・お守りの基本、願い事別のおすすめ神社まで網羅した完全ガイド。神道の基礎から実践まで初めての方にも分かりやすい保存版です。","97","powerspots","false","5175","13","18","True","True","True","28",""
"letter-001-welcome.md","ようこそ Lucky Sun Shine へ｜太陽ちゃんからの最初のお手紙☀️","Lucky Sun Shine のマスコット「太陽ちゃん」から、サイトを訪れてくれたあなたへの最初のお手紙。毎日に光を届ける、はじまりのメッセージ。","74","letter","false","337","0","0","False","False","False","0",""
