"File","Slug","Title","DescLen","Chars","Links","FAQ"
"2026-05-10-eto-rat.md","eto-rat","子（ねずみ）年生まれにおすすめのパワーストーン｜干支×石の相性","57","594","0","N"
"2026-05-10-eto-ox.md","eto-ox","丑（うし）年生まれにおすすめのパワーストーン｜干支×石の相性","56","596","0","N"
"2026-05-10-eto-tiger.md","eto-tiger","寅（とら）年生まれにおすすめのパワーストーン｜干支×石の相性","58","598","0","N"
"2026-05-10-eto-monkey.md","eto-monkey","申（さる）年生まれにおすすめのパワーストーン｜干支×石の相性","56","598","0","N"
"2026-05-10-eto-dog.md","eto-dog","戌（いぬ）年生まれにおすすめのパワーストーン｜干支×石の相性","57","599","0","N"
"2026-05-10-eto-snake.md","eto-snake","巳（へび）年生まれにおすすめのパワーストーン｜干支×石の相性","57","606","0","N"
"2026-05-10-eto-horse.md","eto-horse","午（うま）年生まれにおすすめのパワーストーン｜干支×石の相性","58","608","0","N"
"2026-05-10-eto-rooster.md","eto-rooster","酉（とり）年生まれにおすすめのパワーストーン｜干支×石の相性","58","613","0","N"
"2026-05-10-eto-boar.md","eto-boar","亥（いのしし）年生まれにおすすめのパワーストーン｜干支×石の相性","59","617","0","N"
"2026-05-10-eto-sheep.md","eto-sheep","未（ひつじ）年生まれにおすすめのパワーストーン｜干支×石の相性","60","617","0","N"
"2026-05-10-eto-rabbit.md","eto-rabbit","卯（うさぎ）年生まれにおすすめのパワーストーン｜干支×石の相性","60","618","0","N"
"2026-05-10-eto-dragon.md","eto-dragon","辰（たつ）年生まれにおすすめのパワーストーン｜干支×石の相性","58","627","0","N"
"2026-05-10-sugilite.md","sugilite","スギライトの意味・石言葉・効果｜日本人地質学者が発見した「紫の癒しの石」","111","1411","0","N"
"2026-05-10-rhodonite.md","rhodonite","ロードナイトの意味・石言葉・効果｜傷ついた愛を再生する「許しの石」","106","1426","0","N"
"2026-05-10-larimar.md","larimar","ラリマーの意味・石言葉・効果｜カリブの海を閉じ込めた「平和と癒しの石」","105","1434","0","N"
"2026-05-10-spinel.md","spinel","スピネルの意味・石言葉・効果｜ルビーと混同された「復活と生命力の石」","104","1434","0","N"
"2026-05-10-seraphinite.md","seraphinite","セラフィナイトの意味・石言葉・効果｜天使の羽を宿した「高次のヒーリング石」","114","1436","0","N"
"2026-05-10-charoite.md","charoite","チャロアイトの意味・石言葉・効果｜ロシアでしか採れない「世界三大ヒーリングストーン」","115","1441","0","N"
"2026-05-10-unakite.md","unakite","ユナカイトの意味・石言葉・効果｜癒しと再生の「妊娠の石」","107","1443","0","N"
"2026-05-10-sodalite.md","sodalite","ソーダライトの意味・石言葉・効果｜学者の机に置きたい「思考と信念の石」","106","1444","0","N"
"2026-05-10-apatite.md","apatite","アパタイトの意味・石言葉・効果｜目標達成を後押しする「青の指南石」","112","1447","0","N"
"2026-05-10-prehnite.md","prehnite","プレナイトの意味・石言葉・効果｜心の断捨離を促す「手放しの石」","110","1451","0","N"
"2026-05-10-azurite.md","azurite","アズライト（藍銅鉱）の意味・石言葉・効果｜深藍が誘う「霊性と洞察の石」","107","1456","0","N"
"2026-05-10-tanzanite.md","tanzanite","タンザナイトの意味・石言葉・効果｜20世紀発見の「ニュータイムストーン」","111","1463","0","N"
"2026-05-10-chrysoprase.md","chrysoprase","クリソプレーズの意味・石言葉・効果｜アップルグリーンが芽吹かせる「成長の石」","114","1463","0","N"
"2026-05-10-fluorite.md","fluorite","フローライト（蛍石）の意味・石言葉・効果｜「天才の石」と呼ばれる集中の助力者","112","1466","0","N"
"2026-05-10-labradorite.md","labradorite","ラブラドライトの意味・石言葉・効果｜オーロラを宿した「霊性と直感の石」","110","1472","0","N"
"2026-05-10-kunzite.md","kunzite","クンツァイトの意味・石言葉・効果｜「マザーオブラブ」の優しい母性","105","1475","0","N"
"2026-05-10-morganite.md","morganite","モルガナイトの意味・石言葉・効果｜アクアマリンと姉妹の「愛と結婚の石」","110","1475","0","N"
"2026-05-10-ametrine.md","ametrine","アメトリンの意味・石言葉・効果｜アメジストとシトリンが融合した「陰陽の石」","120","1484","0","N"
"2026-05-10-agate.md","agate","アゲート（瑪瑙）の意味・石言葉・効果｜家庭を守る「絆と安定の石」","102","1488","0","N"
"2026-05-10-pyrite.md","pyrite","パイライト（黄鉄鉱）の意味・石言葉・効果｜「フールズゴールド」と呼ばれる金運の象徴","113","1491","0","N"
"2026-05-10-morion.md","morion","モリオン（黒水晶）の意味・石言葉・効果｜「最強の魔除け石」と称される漆黒の水晶","116","1491","0","N"
"2026-05-10-chrysocolla.md","chrysocolla","クリソコラの意味・石言葉・効果｜「マザーアース」を象徴する女性性の石","119","1499","0","N"
"2026-05-10-hematite.md","hematite","ヘマタイト（赤鉄鉱）の意味・石言葉・効果｜古代戦士の盾「勝利と活力の石」","113","1502","0","N"
"2026-05-10-iolite.md","iolite","アイオライト（菫青石）の意味・石言葉・効果｜ヴァイキングの羅針盤「進路を示す石」","114","1502","0","N"
"2026-05-10-imperial-topaz.md","imperial-topaz","インペリアルトパーズの意味・石言葉・効果｜ロシア皇帝に愛された「成功と威厳の石」","120","1502","0","N"
"2026-05-10-sunstone.md","sunstone","サンストーンの意味・石言葉・効果｜太陽の輝きを宿す「活力とリーダーシップの石」","115","1526","0","N"
"2026-05-10-rutilated-quartz.md","rutilated-quartz","ルチルクォーツ（針水晶）の意味・石言葉・効果｜黄金の針を宿した「最強の金運石」","118","1535","0","N"
"2026-05-10-smoky-quartz.md","smoky-quartz","スモーキークォーツ（煙水晶）の意味・石言葉・効果｜現実を生きる力を支える「グラウンディングの石」","127","1573","0","N"
"2026-05-10-rhodochrosite.md","rhodochrosite","ロードクロサイト（インカローズ）の意味・石言葉・効果｜「薔薇色の人生」を呼ぶインカ帝国の伝説石","133","1622","0","N"
"2026-05-10-powerstone-combinations.md","powerstone-combinations","パワーストーンの組み合わせ完全ガイド｜相乗効果を生む2石・3石の組み方","67","1770","0","N"
"2026-05-10-how-to-wear-powerstones.md","how-to-wear-powerstones","パワーストーンの正しい身につけ方｜左右の使い分けと効果を最大化する場所","65","1971","0","N"
"2026-05-10-spot-fake-stones.md","spot-fake-stones","パワーストーンの偽物・人工石の見分け方｜素人でもできる8つのチェックポイント","66","1984","0","N"
"2026-05-10-purification-complete-guide.md","purification-complete-guide","パワーストーンの浄化方法完全ガイド｜10種類の方法と石別の向き不向き","68","2075","0","N"
"2026-05-10-powerstone-beginner-guide.md","powerstone-beginner-guide","パワーストーン入門｜初心者が最初に知っておきたい全知識","66","2102","5","N"
"2026-05-10-tigers-eye.md","tigers-eye","タイガーアイの意味・石言葉・効果｜虎の目で本質を見抜く「決断と金運の石」","119","2990","5","Y"
"2026-05-10-carnelian.md","carnelian","カーネリアンの意味・石言葉・効果｜ナポレオンも携えた「行動と達成の朱赤の石」","120","3012","6","Y"
"2026-05-10-onyx.md","onyx","オニキスの意味・石言葉・効果｜漆黒の輝きで負を断ち切る「守護と意志の石」","118","3031","6","Y"
"2026-05-10-turquoise.md","turquoise","ターコイズの意味・石言葉・効果｜旅と空のお守り「スカイストーン」","118","3129","6","Y"
"2026-05-10-aquamarine.md","aquamarine","アクアマリンの意味・石言葉・効果｜海の女神に守られる「平穏と結婚の青の石」","113","3132","6","Y"
"2026-05-10-aventurine.md","aventurine","アベンチュリンの意味・石言葉・効果｜森林浴のような癒しを宿す「インドのヒスイ」","119","3135","6","Y"
"2026-05-10-malachite.md","malachite","マラカイトの意味・石言葉・効果｜全てを見通す目を持つ「危険察知の魔除け石」","116","3139","5","Y"
"2026-05-10-citrine.md","citrine","シトリン（黄水晶）の意味・石言葉・効果｜「商売繁盛の石」と呼ばれる金運の象徴","97","3140","6","Y"
"2026-05-10-peridot.md","peridot","ペリドットの意味・石言葉・効果｜夜にも輝く「太陽の宝石」","114","3189","7","Y"
"2026-05-10-amazonite.md","amazonite","アマゾナイトの意味・石言葉・効果｜アマゾン女戦士の伝説を宿す「希望と勇気の石」","102","3206","6","Y"
"2026-05-10-garnet.md","garnet","ガーネットの意味・石言葉・効果｜努力を実りに変える「勝利と情熱の石」","107","3218","6","Y"
"2026-05-10-moonstone.md","moonstone","ムーンストーンの意味・石言葉・効果｜月の女神に守られる「直感と新しい始まりの石」","113","3225","6","Y"
"2026-05-10-amber.md","amber","アンバー（琥珀）の意味・石言葉・効果｜数千万年の時を閉じ込めた「太陽の石」","111","3280","6","Y"
"2026-05-10-blue-topaz.md","blue-topaz","ブルートパーズの意味・石言葉・効果｜誠実な言葉を運ぶ「11月の青の石」","114","3403","6","Y"
"2026-05-10-opal.md","opal","オパールの意味・石言葉・効果｜虹色の遊色を秘めた「希望と創造の石」","120","3434","7","Y"
"2026-05-10-jade.md","jade","ヒスイ（翡翠）の意味・石言葉・効果｜東洋で「玉」と呼ばれる徳と繁栄の石","114","3435","6","Y"
"2026-05-10-obsidian.md","obsidian","オブシディアンの意味・石言葉・効果｜本質を映し出す「真実の鏡」","123","3464","6","Y"
"2026-05-10-amethyst.md","amethyst","アメジスト（紫水晶）の意味・石言葉・効果｜古代ローマから愛される「真実の愛の石」","110","4378","5","Y"
"2026-05-10-lapis-lazuli.md","lapis-lazuli","ラピスラズリの意味・石言葉・効果｜古代エジプトから愛される「天空を象る石」","105","4434","5","Y"
"2026-05-10-clear-quartz.md","clear-quartz","水晶（クリスタル）の意味・石言葉・効果｜万能の浄化石・あらゆる石の基本となる存在","101","4630","5","Y"
"2026-05-09-rose-quartz-meaning.md","rose-quartz-meaning","ローズクォーツの意味・石言葉・効果｜恋愛運を高める使い方・浄化方法まで完全ガイド","97","4748","5","Y"
"2026-05-11-birthstone-guide.md","birthstone-guide","12ヶ月の誕生石総合ガイド｜あなたの月の石・意味・相性・身につけ方","81","5140","5","Y"
"2026-05-12-how-to-choose-powerstones.md","how-to-choose-powerstones","パワーストーンの選び方 完全ガイド｜目的・誕生石・色・直感から自分に合う1石を見つける","93","5203","27","Y"
"2026-05-11-zodiac-powerstones-guide.md","zodiac-powerstones-guide","12星座別おすすめパワーストーン総合ガイド｜あなたの守り石を見つける","93","5552","6","Y"
"2026-05-11-luck-powerstones-complete-guide.md","luck-powerstones-complete-guide","目的別パワーストーン総合ガイド｜恋愛・金運・仕事・健康など10ジャンルの守り石","98","5615","5","Y"
